{"cameraMode":{"drawMode":0,"name":"Shaded","section":"Shading Mode"},"sceneLighting":true,"audioPlay":false,"sceneViewState":{"showFog":true,"showMaterialUpdate":false,"showSkybox":true,"showFlares":true,"showImageEffects":true,"showParticleSystems":true},"in2DMode":false,"pivot":{"x":74.47651672363281,"y":-9.504985809326172,"z":13.52285385131836},"rotation":{"x":0.05681472271680832,"y":0.45551857352256777,"z":-0.02914661169052124,"w":0.8879352807998657},"size":31.94087791442871,"orthographic":false}