{"cameraMode":{"drawMode":0,"name":"Shaded","section":"Shading Mode"},"sceneLighting":false,"audioPlay":false,"sceneViewState":{"showFog":true,"showMaterialUpdate":false,"showSkybox":false,"showFlares":true,"showImageEffects":true,"showParticleSystems":true},"in2DMode":false,"pivot":{"x":401.1800231933594,"y":920.4000244140625,"z":0.0},"rotation":{"x":-0.03446689248085022,"y":0.038966912776231769,"z":0.0013448868412524462,"w":0.9986449480056763},"size":4026.125244140625,"orthographic":false}