{"cameraMode":{"drawMode":0,"name":"Shaded","section":"Shading Mode"},"sceneLighting":false,"audioPlay":false,"sceneViewState":{"showFog":true,"showMaterialUpdate":false,"showSkybox":false,"showFlares":true,"showImageEffects":true,"showParticleSystems":true},"in2DMode":false,"pivot":{"x":278.214599609375,"y":-13.000250816345215,"z":-320.53070068359377},"rotation":{"x":0.2062084972858429,"y":0.04254990816116333,"z":-0.00897572934627533,"w":0.977541983127594},"size":3485.019775390625,"orthographic":false}